タイムスタンプ,ゲストの言語は英語以外で何語が多いですか？上位3ヶ国語を選択してください。
2025/11/26 20:28:16,"簡体字中国語（中国）, 韓国語, フランス語"
2025/11/26 20:41:55,"韓国語, フランス語, ドイツ語"
2025/11/26 20:58:42,"スペイン語, フランス語, ドイツ語"
2025/11/26 21:01:27,"繁体字中国語（台湾・香港）, 簡体字中国語（中国）, フランス語"
2025/11/26 21:24:17,"繁体字中国語（台湾・香港）, 韓国語, フランス語"
2025/11/26 21:39:21,"簡体字中国語（中国）, 韓国語, フランス語"
2025/11/26 21:45:57,"繁体字中国語（台湾・香港）, フランス語, ドイツ語"
2025/11/26 21:59:13,"繁体字中国語（台湾・香港）, スペイン語, フランス語"
2025/11/26 23:47:04,"スペイン語, フランス語, ドイツ語"
2025/11/27 0:38:43,"繁体字中国語（台湾・香港）, 韓国語, フランス語"
2025/11/27 1:07:56,"繁体字中国語（台湾・香港）, フランス語, ドイツ語"
2025/11/27 7:41:30,"繁体字中国語（台湾・香港）, 簡体字中国語（中国）, 韓国語"
2025/11/27 8:21:09,"繁体字中国語（台湾・香港）, 簡体字中国語（中国）, 韓国語"
2025/11/27 8:36:51,"繁体字中国語（台湾・香港）, スペイン語, フランス語"
2025/11/27 8:48:07,"繁体字中国語（台湾・香港）, 簡体字中国語（中国）, フランス語"
2025/11/27 8:55:35,"繁体字中国語（台湾・香港）, 簡体字中国語（中国）, スペイン語"
2025/11/27 9:06:08,"繁体字中国語（台湾・香港）, スペイン語, フランス語"
2025/11/27 9:09:02,"繁体字中国語（台湾・香港）, 韓国語, スペイン語"
2025/11/27 10:22:08,"繁体字中国語（台湾・香港）, 簡体字中国語（中国）, フランス語"
2025/11/27 11:08:18,"韓国語, フランス語, ドイツ語"
2025/11/27 11:37:40,"繁体字中国語（台湾・香港）, スペイン語, フランス語"
2025/11/27 12:52:12,韓国語
2025/11/27 16:08:24,"繁体字中国語（台湾・香港）, 簡体字中国語（中国）, ドイツ語, その他"
2025/11/27 20:22:30,"簡体字中国語（中国）, 韓国語, スペイン語"
2025/11/27 20:23:23,"繁体字中国語（台湾・香港）, 韓国語"
2025/11/27 20:24:39,"繁体字中国語（台湾・香港）, 簡体字中国語（中国）, 韓国語"
2025/11/27 20:41:34,"繁体字中国語（台湾・香港）, フランス語, ドイツ語"
2025/11/27 20:42:54,"繁体字中国語（台湾・香港）, 簡体字中国語（中国）, 韓国語, フランス語, ドイツ語"
2025/11/27 21:56:34,"スペイン語, フランス語, ドイツ語"
2025/11/28 0:47:25,"簡体字中国語（中国）, スペイン語, フランス語"
2025/11/28 9:28:25,"簡体字中国語（中国）, 韓国語, フランス語, ドイツ語"
2025/11/28 9:57:49,"繁体字中国語（台湾・香港）, フランス語, ドイツ語"
2025/11/28 11:23:08,"スペイン語, フランス語, ドイツ語"
2025/11/28 11:38:31,繁体字中国語（台湾・香港）
2025/11/28 12:58:56,"繁体字中国語（台湾・香港）, 簡体字中国語（中国）, 韓国語"
2025/11/28 15:08:55,"繁体字中国語（台湾・香港）, スペイン語, フランス語"
2025/11/28 16:23:41,"繁体字中国語（台湾・香港）, 韓国語, フランス語"
2025/11/28 16:49:36,"簡体字中国語（中国）, フランス語, ドイツ語"
2025/11/28 16:53:30,"繁体字中国語（台湾・香港）, 簡体字中国語（中国）, フランス語"
2025/11/29 16:29:33,"繁体字中国語（台湾・香港）, 韓国語, フランス語"
2025/12/02 11:18:53,"簡体字中国語（中国）, 韓国語, フランス語"
2025/12/04 20:16:41,"繁体字中国語（台湾・香港）, 簡体字中国語（中国）, フランス語"